{"train/loss": 0.0029570539481937885, "train/loss_step": 0.0029570539481937885, "train/acc": 1.0, "train/acc_step": 1.0, "val/loss": 0.003404162358492613, "val/acc": 0.9999200105667114, "hp_metric": 0.003404162358492613, "val/acc_best": 0.9999200105667114, "train/loss_epoch": 0.43403246998786926, "train/acc_epoch": 0.9303851127624512, "_timestamp": 1705317927.1983538, "_runtime": 1359.3956806659698, "_step": 0, "_wandb": {"runtime": 1357}}