{"train/loss": 1.818632960319519, "train/loss_step": 1.818632960319519, "train/acc": 0.9900000095367432, "train/acc_step": 0.9900000095367432, "val/loss": 5.010788917541504, "val/acc": 0.15000000596046448, "hp_metric": 5.010788917541504, "val/acc_best": 0.15000000596046448, "train/loss_epoch": 1.818632960319519, "train/acc_epoch": 0.9900000095367432, "test/loss": 4.809971332550049, "test/acc": 0.13687069714069366, "_timestamp": 1705319174.7389147, "_runtime": 813.5254027843475, "_step": 0, "_wandb": {"runtime": 812}}