{"train/loss": 1.7333358526229858, "train/loss_step": 1.7333358526229858, "train/acc": 1.0, "train/acc_step": 1.0, "val/loss": 4.841655731201172, "val/acc": 0.10999999940395355, "hp_metric": 4.841655731201172, "val/acc_best": 0.10999999940395355, "train/loss_epoch": 1.7333358526229858, "train/acc_epoch": 1.0, "_timestamp": 1705322836.862313, "_runtime": 451.5763840675354, "_step": 0, "_wandb": {"runtime": 450}}