{"train/loss": 5.271186351776123, "train/loss_step": 5.271186351776123, "train/acc": 0.0, "train/acc_step": 0.0, "_timestamp": 1705318132.985872, "_runtime": 43.62519812583923, "_step": 0, "_wandb": {"runtime": 42}}